{"cameraMode":{"drawMode":0,"name":"Shaded","section":"Shading Mode"},"sceneLighting":true,"audioPlay":false,"sceneViewState":{"showFog":true,"showMaterialUpdate":false,"showSkybox":true,"showFlares":true,"showImageEffects":true,"showParticleSystems":true},"in2DMode":false,"pivot":{"x":963.9690551757813,"y":901.608154296875,"z":83.97430419921875},"rotation":{"x":-0.34693169593811037,"y":0.007595089264214039,"z":-0.002806326374411583,"w":-0.9378576874732971},"size":436.0564270019531,"orthographic":false}