{"cameraMode":{"drawMode":0,"name":"Shaded","section":"Shading Mode"},"sceneLighting":false,"audioPlay":false,"sceneViewState":{"showFog":true,"showMaterialUpdate":false,"showSkybox":false,"showFlares":true,"showImageEffects":true,"showParticleSystems":true},"in2DMode":false,"pivot":{"x":1233.614013671875,"y":707.6166381835938,"z":-33.84008026123047},"rotation":{"x":-0.06176384910941124,"y":-0.014374782331287861,"z":0.0008895254577510059,"w":-0.9979889392852783},"size":108.07267761230469,"orthographic":false}