{"cameraMode":{"drawMode":0,"name":"Shaded","section":"Shading Mode"},"sceneLighting":false,"audioPlay":false,"sceneViewState":{"showFog":true,"showMaterialUpdate":false,"showSkybox":false,"showFlares":true,"showImageEffects":true,"showParticleSystems":true},"in2DMode":false,"pivot":{"x":-2.384185791015625e-7,"y":2.384185791015625e-7,"z":-0.17428180575370789},"rotation":{"x":-0.2492641806602478,"y":-0.7502216100692749,"z":0.4166996479034424,"w":-0.4487963318824768},"size":1.962921380996704,"orthographic":false}