{"cameraMode":{"drawMode":0,"name":"Shaded","section":"Shading Mode"},"sceneLighting":false,"audioPlay":false,"sceneViewState":{"showFog":true,"showMaterialUpdate":false,"showSkybox":false,"showFlares":true,"showImageEffects":true,"showParticleSystems":true},"in2DMode":false,"pivot":{"x":4.635337829589844,"y":6.559375762939453,"z":5.23458194732666},"rotation":{"x":0.3488827347755432,"y":-0.32128316164016726,"z":0.12867970764636994,"w":0.870944082736969},"size":25.11044692993164,"orthographic":false}