{"cameraMode":{"drawMode":0,"name":"Shaded","section":"Shading Mode"},"sceneLighting":false,"audioPlay":false,"sceneViewState":{"showFog":true,"showMaterialUpdate":false,"showSkybox":false,"showFlares":true,"showImageEffects":true,"showParticleSystems":true},"in2DMode":false,"pivot":{"x":2.0695016384124758,"y":3.4674649238586427,"z":0.955070972442627},"rotation":{"x":0.2507745921611786,"y":0.01219826377928257,"z":-0.003160440130159259,"w":0.9679664373397827},"size":4.807394981384277,"orthographic":false}