{"cameraMode":{"drawMode":0,"name":"Shaded","section":"Shading Mode"},"sceneLighting":false,"audioPlay":false,"sceneViewState":{"showFog":true,"showMaterialUpdate":false,"showSkybox":false,"showFlares":true,"showImageEffects":true,"showParticleSystems":true},"in2DMode":false,"pivot":{"x":-1.971630334854126,"y":20.265405654907228,"z":1.8298072814941407},"rotation":{"x":-0.0570111982524395,"y":0.7333555221557617,"z":-0.061975911259651187,"w":-0.6746105551719666},"size":46.06026840209961,"orthographic":false}