{"cameraMode":{"drawMode":0,"name":"Shaded","section":"Shading Mode"},"sceneLighting":false,"audioPlay":false,"sceneViewState":{"showFog":true,"showMaterialUpdate":false,"showSkybox":false,"showFlares":true,"showImageEffects":true,"showParticleSystems":true},"in2DMode":false,"pivot":{"x":2.0695016384124758,"y":3.4674649238586427,"z":0.955070972442627},"rotation":{"x":0.1297798752784729,"y":-0.6777198910713196,"z":0.12332441657781601,"w":0.7131950259208679},"size":3.6073946952819826,"orthographic":false}