{"cameraMode":{"drawMode":0,"name":"Shaded","section":"Shading Mode"},"sceneLighting":false,"audioPlay":false,"sceneViewState":{"m_AlwaysRefresh":false,"showFog":true,"showSkybox":false,"showFlares":true,"showImageEffects":true,"showParticleSystems":true,"showVisualEffectGraphs":true,"m_FxEnabled":true},"in2DMode":false,"pivot":{"x":-0.004212856292724609,"y":-0.39246225357055666,"z":-0.40571415424346926},"rotation":{"x":0.18539191782474519,"y":0.5195296406745911,"z":-0.11662107706069946,"w":0.8259165287017822},"size":2.5436131954193117,"orthographic":true}