{"cameraMode":{"drawMode":0,"name":"Shaded","section":"Shading Mode"},"sceneLighting":false,"audioPlay":false,"sceneViewState":{"m_AlwaysRefresh":false,"showFog":true,"showSkybox":false,"showFlares":true,"showImageEffects":true,"showParticleSystems":true,"showVisualEffectGraphs":true,"m_FxEnabled":true},"in2DMode":false,"pivot":{"x":-0.12427248060703278,"y":-0.2334340214729309,"z":0.1435810923576355},"rotation":{"x":0.37727808952331545,"y":0.6205409169197083,"z":0.45176365971565249,"w":-0.5182228684425354},"size":3.234116792678833,"orthographic":true}