{"cameraMode":{"drawMode":0,"name":"Shaded","section":"Shading Mode"},"sceneLighting":false,"audioPlay":false,"sceneViewState":{"showFog":true,"showMaterialUpdate":false,"showSkybox":false,"showFlares":true,"showImageEffects":true,"showParticleSystems":true},"in2DMode":false,"pivot":{"x":-6.378461837768555,"y":4.96999979019165,"z":10.920000076293946},"rotation":{"x":0.110404372215271,"y":0.8891128301620483,"z":-0.2979975938796997,"w":0.329391211271286},"size":7.360327243804932,"orthographic":true}