{"cameraMode":{"drawMode":0,"name":"Shaded","section":"Shading Mode"},"sceneLighting":false,"audioPlay":false,"sceneViewState":{"showFog":true,"showMaterialUpdate":false,"showSkybox":false,"showFlares":true,"showImageEffects":true,"showParticleSystems":true},"in2DMode":false,"pivot":{"x":-1.3737032413482667,"y":0.13041582703590394,"z":0.13054469227790833},"rotation":{"x":0.1944921612739563,"y":0.23858033120632173,"z":-0.04883437976241112,"w":0.9501956701278687},"size":3.181363582611084,"orthographic":false}