{"cameraMode":{"drawMode":0,"name":"Shaded","section":"Shading Mode"},"sceneLighting":false,"audioPlay":false,"sceneViewState":{"showFog":true,"showMaterialUpdate":false,"showSkybox":false,"showFlares":true,"showImageEffects":true,"showParticleSystems":true},"in2DMode":false,"pivot":{"x":1.2508130073547364,"y":-0.04730222374200821,"z":2.743248701095581},"rotation":{"x":0.08165740221738816,"y":0.7009207606315613,"z":-0.08132140338420868,"w":0.7038729190826416},"size":5.917612552642822,"orthographic":true}