{"cameraMode":{"drawMode":0,"name":"Shaded","section":"Shading Mode"},"sceneLighting":false,"audioPlay":false,"sceneViewState":{"showFog":true,"showMaterialUpdate":false,"showSkybox":false,"showFlares":true,"showImageEffects":true,"showParticleSystems":true},"in2DMode":false,"pivot":{"x":-2.503862142562866,"y":0.9380238056182861,"z":3.2625203132629396},"rotation":{"x":-0.045601736754179,"y":-0.9207330346107483,"z":0.11325913667678833,"w":-0.37064123153686526},"size":0.21786610782146455,"orthographic":false}