{"cameraMode":{"drawMode":0,"name":"Shaded","section":"Shading Mode"},"sceneLighting":false,"audioPlay":false,"sceneViewState":{"showFog":true,"showMaterialUpdate":false,"showSkybox":false,"showFlares":true,"showImageEffects":true,"showParticleSystems":true},"in2DMode":false,"pivot":{"x":-0.25809937715530398,"y":0.3935641646385193,"z":0.32402074337005618},"rotation":{"x":0.004689093213528395,"y":0.03557934612035751,"z":0.00011237339640501887,"w":-0.9994080662727356},"size":2.0450856685638429,"orthographic":false}