{"cameraMode":{"drawMode":0,"name":"Shaded","section":"Shading Mode"},"sceneLighting":false,"audioPlay":false,"sceneViewState":{"showFog":true,"showMaterialUpdate":false,"showSkybox":false,"showFlares":true,"showImageEffects":true,"showParticleSystems":true},"in2DMode":false,"pivot":{"x":5.2059431076049809,"y":0.5000121593475342,"z":6.01971435546875},"rotation":{"x":-0.07643851637840271,"y":-0.8592126369476318,"z":0.48774516582489016,"w":-0.13458149135112763},"size":2.2927982807159426,"orthographic":false}