{"cameraMode":{"drawMode":0,"name":"Shaded","section":"Shading Mode"},"sceneLighting":true,"audioPlay":false,"sceneViewState":{"showFog":true,"showMaterialUpdate":false,"showSkybox":true,"showFlares":true,"showImageEffects":true,"showParticleSystems":true},"in2DMode":false,"pivot":{"x":-6.582964897155762,"y":3.340010166168213,"z":4.991064071655273},"rotation":{"x":0.08151208609342575,"y":0.8037366271018982,"z":-0.11326409876346588,"w":0.5784128308296204},"size":32.1768684387207,"orthographic":false}