{"cameraMode":{"drawMode":0,"name":"Shaded","section":"Shading Mode"},"sceneLighting":false,"audioPlay":false,"sceneViewState":{"showFog":true,"showMaterialUpdate":false,"showSkybox":false,"showFlares":true,"showImageEffects":true,"showParticleSystems":true},"in2DMode":false,"pivot":{"x":-0.4992372393608093,"y":2.9000000953674318,"z":4.050000190734863},"rotation":{"x":-0.05471060425043106,"y":-0.9376825094223023,"z":0.2965520918369293,"w":-0.17294301092624665},"size":2.6608269214630129,"orthographic":false}