{"cameraMode":{"drawMode":0,"name":"Shaded","section":"Shading Mode"},"sceneLighting":false,"audioPlay":false,"sceneViewState":{"showFog":true,"showMaterialUpdate":false,"showSkybox":false,"showFlares":true,"showImageEffects":true,"showParticleSystems":true},"in2DMode":false,"pivot":{"x":-0.644877552986145,"y":1.56364107131958,"z":2.5662271976470949},"rotation":{"x":0.000705133134033531,"y":0.9979386925697327,"z":-0.06345552951097489,"w":0.011274450458586216},"size":1.4077327251434327,"orthographic":false}