{"cameraMode":{"drawMode":0,"name":"Shaded","section":"Shading Mode"},"sceneLighting":false,"audioPlay":false,"sceneViewState":{"showFog":true,"showMaterialUpdate":false,"showSkybox":false,"showFlares":true,"showImageEffects":true,"showParticleSystems":true},"in2DMode":false,"pivot":{"x":-9.576778411865235,"y":2.130000114440918,"z":6.7969560623168949},"rotation":{"x":0.13702844083309174,"y":0.7108145952224731,"z":-0.144392728805542,"w":0.6746464967727661},"size":2.9639501571655275,"orthographic":false}