{"cameraMode":{"drawMode":0,"name":"Shaded","section":"Shading Mode"},"sceneLighting":true,"audioPlay":false,"sceneViewState":{"m_AlwaysRefresh":false,"showFog":true,"showSkybox":true,"showFlares":true,"showImageEffects":true,"showParticleSystems":true,"showVisualEffectGraphs":true,"m_FxEnabled":true},"in2DMode":false,"pivot":{"x":943.4147338867188,"y":417.6399841308594,"z":399.5107421875},"rotation":{"x":0.19554004073143006,"y":0.004408352077007294,"z":-0.0008787867845967412,"w":0.9806872010231018},"size":438.72991943359377,"orthographic":true}