{"cameraMode":{"drawMode":0,"name":"Shaded","section":"Shading Mode"},"sceneLighting":true,"audioPlay":false,"sceneViewState":{"m_AlwaysRefresh":false,"showFog":true,"showSkybox":true,"showFlares":true,"showImageEffects":true,"showParticleSystems":true,"showVisualEffectGraphs":true,"m_FxEnabled":true},"in2DMode":false,"pivot":{"x":27.096149444580079,"y":-17.072280883789064,"z":240.4020538330078},"rotation":{"x":0.13933570683002473,"y":0.01633342355489731,"z":-0.0022984377574175598,"w":0.9901076555252075},"size":1371.14111328125,"orthographic":false}